time,open,high,low,close
2024-01-02,34.7103850000,34.7303622000,33.6016504000,33.6016504000
2024-01-03,33.5317302000,33.8613540000,31.4640900000,32.4030184000
2024-01-04,32.9623800000,33.7914338000,32.5428588000,33.0323002000
2024-01-05,32.9623800000,33.2620380000,31.4640900000,31.8536454000
2024-01-08,31.9435428000,32.6227676000,31.5340102000,31.7537594000
2024-01-09,32.1433148000,32.1433148000,30.6350362000,31.2043864000
2024-01-10,30.9646600000,33.4618100000,30.2854352000,32.3830412000
2024-01-11,31.9934858000,33.0522774000,31.9735086000,32.9024484000
2024-01-12,32.8525054000,32.8624940000,31.8636340000,31.8636340000
2024-01-15,31.7337822000,34.3507954000,31.2243636000,33.1821292000
2024-01-16,33.3918898000,33.4618100000,32.1932578000,33.2520494000
2024-01-17,33.2620380000,33.6515934000,32.2931438000,32.5029044000
2024-01-18,31.6039304000,32.8724826000,31.4640900000,32.7925738000
2024-01-19,33.2620380000,33.2920038000,31.0845232000,31.1644320000
2024-01-22,31.1644320000,31.7637480000,29.7660280000,29.9658000000
2024-01-23,30.1955378000,31.1144890000,29.1567234000,30.7648880000
2024-01-24,30.7449108000,30.8547854000,28.7571794000,30.0656860000
2024-01-25,29.9658000000,31.4041584000,28.9969058000,31.0245916000
2024-01-26,31.0046144000,31.9135770000,30.0956518000,30.7848652000
2024-01-29,30.7848652000,30.9047284000,28.7871452000,28.8970198000
2024-01-30,28.5074644000,29.2665980000,27.8681940000,27.8881712000
2024-01-31,26.9692200000,27.9680800000,25.9603714000,26.3499268000
2024-02-01,25.8405082000,27.4686500000,25.5408502000,26.2000978000
2024-02-02,26.1401662000,27.6784106000,24.6518648000,25.9803486000
2024-02-05,25.6307476000,25.9503828000,22.1946692000,23.4632214000
2024-02-06,22.1047718000,26.4498128000,22.0248630000,25.8005538000
2024-02-07,25.9703600000,25.9703600000,22.0348516000,23.6530048000
2024-02-08,24.3522068000,25.5208730000,22.2645894000,25.0813746000
2024-02-19,25.9304056000,28.4675100000,25.4709300000,28.1179090000
2024-02-20,27.9580914000,30.9646600000,27.0191630000,29.8159710000
2024-02-21,28.4475328000,29.7060964000,27.9680800000,28.6273276000
2024-02-22,29.3365182000,30.5551274000,28.6273276000,29.8259596000
2024-02-23,29.9558114000,30.3453668000,28.9669400000,30.0357202000
2024-02-26,29.6661420000,31.1444548000,29.4364042000,30.4152870000
2024-02-27,29.9558114000,33.3619240000,29.7660280000,33.1122090000
2024-02-28,33.2220836000,33.2420608000,30.8447968000,30.9646600000
2024-02-29,30.7648880000,32.9124370000,30.6650020000,32.3630640000
2024-03-01,32.3530754000,35.1398948000,31.7437708000,34.8702026000
2024-03-04,35.7591880000,36.9278542000,34.9601000000,35.7292222000
2024-03-05,34.9601000000,35.4595300000,32.9623800000,33.3619240000
2024-03-06,32.9623800000,34.1610120000,32.1932578000,33.8313882000
2024-03-07,33.2021064000,33.9112970000,31.7237936000,31.8636340000
2024-03-08,32.4729386000,33.5417188000,31.6139190000,32.9424028000
2024-03-11,32.9623800000,33.7614680000,32.0733946000,33.7614680000
2024-03-12,33.9512514000,34.5405788000,33.1621520000,34.0811032000
2024-03-13,34.7603280000,34.7603280000,33.4118670000,33.8014224000
2024-03-14,32.4629500000,33.9612400000,32.4529614000,33.7215136000
2024-03-15,33.3918898000,33.5317302000,32.7825852000,33.3419468000
2024-03-18,33.8513654000,34.6104990000,33.5217416000,34.5905218000
2024-03-19,34.4706586000,34.9601000000,33.9212856000,34.5805332000
2024-03-20,34.7603280000,34.8102710000,33.2920038000,34.3008524000
2024-03-21,36.0388688000,36.0888118000,33.2820152000,33.3519354000
2024-03-22,33.4817872000,34.8102710000,32.1533034000,32.3031324000
2024-03-25,32.2631780000,32.4829272000,28.9669400000,29.3664840000
2024-03-26,29.4264156000,30.3653440000,28.2078064000,28.5673960000
2024-03-27,28.5174530000,28.6173390000,26.4498128000,26.7095164000
2024-03-28,26.6995278000,27.8881712000,26.1701320000,27.2588894000
2024-03-29,27.2688780000,27.8282396000,26.6296076000,27.0890832000
2024-04-01,27.3487868000,28.5374302000,26.9692200000,28.1179090000
2024-04-02,28.9669400000,29.2566094000,27.5385702000,27.9181370000
2024-04-03,27.5585474000,28.6273276000,26.7794366000,27.7083764000
2024-04-08,27.4686500000,27.6784106000,26.7694480000,26.7694480000
2024-04-09,27.2888552000,27.3687640000,26.4997558000,26.9192770000
2024-04-10,26.9192770000,26.9991858000,25.2411922000,25.4709300000
2024-04-11,25.2811466000,26.3599154000,25.1712720000,25.7705880000
2024-04-12,25.7705880000,26.2300636000,25.4109984000,25.4409642000
2024-04-15,25.0014658000,25.5408502000,23.1735520000,23.9027198000
2024-04-16,23.5730960000,24.2722980000,21.6752620000,21.7751480000
2024-04-17,22.7740080000,25.2411922000,22.6741220000,24.9715000000
2024-04-18,24.9115684000,24.9715000000,23.7528908000,23.7828566000
2024-04-19,23.4931872000,23.5730960000,22.6940992000,23.1835406000
2024-04-22,22.4843386000,23.2035178000,21.9449542000,22.9737800000
2024-04-23,23.1735520000,23.5730960000,22.8439282000,23.1935292000
2024-04-24,23.5730960000,24.4620814000,23.1236090000,24.3921612000
2024-04-25,24.2722980000,25.9403942000,24.0325716000,24.8816026000
2024-04-26,24.8716140000,26.6595734000,24.8716140000,26.0203030000
2024-04-29,25.5808046000,26.4697900000,25.3410782000,25.6707020000
2024-04-30,25.5708160000,26.0702460000,24.9215570000,25.3410782000
2024-05-06,25.7805766000,26.1601434000,25.1612834000,25.3510668000
2024-05-07,25.3710440000,25.5108844000,24.7517508000,24.9814886000
2024-05-08,24.9715000000,25.4209870000,24.5919332000,24.8316596000
2024-05-09,25.5208730000,26.4298356000,25.1013518000,25.2312036000
2024-05-10,25.2112264000,25.2312036000,24.3621954000,24.4221270000
2024-05-13,24.1324576000,24.5719560000,23.6929592000,23.9726400000
2024-05-14,23.9426742000,24.4021498000,23.6330276000,24.1724120000
2024-05-15,24.3022638000,24.4221270000,23.6530048000,23.8327996000
2024-05-16,24.0625374000,24.2722980000,23.7229250000,23.7528908000
2024-05-17,23.7728680000,23.9726400000,23.4132784000,23.8927312000
2024-05-20,23.8927312000,24.2223550000,23.2734380000,23.5830846000
2024-05-21,23.7329136000,23.7329136000,23.1735520000,23.3633354000
2024-05-22,23.3633354000,23.6330276000,23.1835406000,23.5730960000
2024-05-23,23.5331416000,23.5730960000,22.9338256000,23.0237230000
2024-05-24,23.0037458000,23.2035178000,22.2645894000,22.3544868000
2024-05-27,22.6940992000,22.6940992000,21.7551708000,22.6241790000
2024-05-28,22.5742360000,24.6518648000,22.2945552000,23.4232670000
2024-05-29,23.4432442000,24.0525488000,23.2234950000,23.6430162000
2024-05-30,23.4732100000,25.4709300000,23.0836546000,24.8416482000
2024-05-31,24.7517508000,24.7517508000,23.9226970000,24.1024918000
2024-06-03,23.9726400000,25.7206450000,23.9127084000,24.7717280000
2024-06-04,24.3721840000,24.5220130000,22.9737800000,23.2035178000
2024-06-05,23.2734380000,23.5531188000,22.4343956000,22.4843386000
2024-06-06,22.6441562000,23.1935292000,21.2457522000,21.4455242000
2024-06-07,21.7751480000,22.3045438000,21.2757180000,21.6353076000
2024-06-11,21.2956952000,22.6241790000,21.0559688000,22.5143044000
2024-06-12,22.4044298000,25.7106564000,22.3045438000,24.3821726000
2024-06-13,24.4720700000,25.3610554000,24.2323436000,24.5719560000
2024-06-14,24.0625374000,24.4620814000,23.3733240000,24.0425602000
2024-06-17,23.8727540000,24.2822866000,23.1835406000,24.0026058000
2024-06-18,23.9726400000,24.3721840000,23.7029478000,23.9426742000
2024-06-19,24.0725260000,24.5419902000,23.4732100000,24.0325716000
2024-06-20,23.6330276000,24.1724120000,22.9138484000,22.9338256000
2024-06-21,22.4643614000,23.1835406000,22.1347376000,23.0437002000
2024-06-24,22.7540308000,22.8539168000,21.5354216000,21.7052278000
2024-06-25,21.7252050000,21.9749200000,19.9272570000,20.1370176000
2024-06-26,19.9772000000,20.6564248000,19.4777700000,20.6464362000
2024-06-27,20.5665274000,20.9760600000,20.1769720000,20.2069378000
2024-06-28,19.9971772000,20.6764020000,19.7774280000,20.1669834000
2024-07-01,20.1969492000,20.4766300000,19.6176104000,20.0571088000
2024-07-02,20.0371316000,20.3667554000,19.7474622000,19.8673254000
2024-07-03,19.7774280000,19.8373596000,18.9783400000,19.4278270000
2024-07-04,19.4178384000,19.5576788000,17.9395256000,17.9894686000
2024-07-05,17.9794800000,18.8185224000,17.5100158000,18.6786820000
2024-07-08,18.7286250000,18.7985452000,17.9295370000,18.0893546000
2024-07-09,18.3290810000,18.4189784000,17.5000272000,18.2591608000
2024-07-10,18.1093318000,18.2591608000,17.7996852000,17.9195484000
2024-07-11,18.2291950000,18.5488302000,17.9595028000,18.5188644000
2024-07-12,18.5088758000,18.5688074000,17.7797080000,18.0194344000
2024-07-15,17.7896966000,18.3390696000,17.7497422000,17.9195484000
2024-07-16,17.7797080000,18.4789100000,17.6798220000,18.4089898000
2024-07-17,18.4089898000,18.5288530000,17.5899246000,17.6099018000
2024-07-18,17.4700614000,17.4700614000,16.6809620000,17.0904946000
2024-07-19,17.0505402000,18.1093318000,16.8807340000,17.7996852000
2024-07-22,17.9894686000,18.5388416000,17.8995712000,18.3290810000
2024-07-23,18.1492862000,18.3590468000,17.6498562000,17.6498562000
2024-07-24,17.4800500000,17.9495142000,17.2802780000,17.3202324000
2024-07-25,17.2702894000,17.5499702000,16.8807340000,17.1404376000
2024-07-26,17.1204604000,17.3701754000,16.8807340000,17.0305630000
2024-07-29,17.0505402000,17.2303350000,16.7608708000,17.0005972000
2024-07-30,16.8607568000,17.4301070000,16.6809620000,17.1903806000
2024-07-31,17.1204604000,18.1392976000,17.0505402000,18.0693774000
2024-08-01,18.1293090000,18.4289670000,17.8596168000,18.2291950000
2024-08-02,17.9595028000,18.2192064000,17.5200044000,17.5299930000
2024-08-05,17.3302210000,17.5999132000,16.1815320000,16.2114978000
2024-08-06,16.5311330000,17.2702894000,16.5311330000,17.2003692000
2024-08-07,17.3701754000,18.0494002000,17.1404376000,17.5299930000
2024-08-08,17.4700614000,17.4800500000,16.8307910000,17.1704034000
2024-08-09,17.2902666000,17.4700614000,16.9606428000,16.9706314000
2024-08-12,16.5311330000,16.8807340000,16.1915206000,16.4312470000
2024-08-13,16.2714294000,16.5411216000,16.1815320000,16.4512242000
2024-08-14,16.4911786000,19.6775420000,16.4012812000,18.4089898000
2024-08-15,18.2291950000,21.7751480000,18.1492862000,21.2757180000
2024-08-16,20.3867326000,20.6264590000,19.5876446000,19.6775420000
2024-08-19,18.9883286000,19.3279410000,17.9195484000,18.0394116000
2024-08-20,18.1293090000,18.3190924000,17.3801640000,17.5100158000
2024-08-21,17.1803920000,19.6275990000,17.1704034000,18.3091038000
2024-08-22,17.8795940000,18.3690354000,17.0305630000,17.2403236000
2024-08-23,17.0005972000,17.5299930000,16.7209164000,16.8807340000
2024-08-26,16.7309050000,17.5100158000,16.5710874000,17.0904946000
2024-08-27,17.0805060000,17.0805060000,16.1815320000,16.3113838000
2024-08-28,16.2614408000,16.5511102000,15.8519082000,16.2214864000
2024-08-29,16.1315890000,16.5810760000,15.8419196000,16.4312470000
2024-08-30,16.4612128000,17.5799360000,16.3413496000,17.2403236000
2024-09-02,17.2303350000,17.2303350000,16.3313610000,16.3813040000
2024-09-03,16.3413496000,16.7508822000,16.2914066000,16.7309050000
2024-09-04,16.3713154000,16.8407796000,16.3113838000,16.6110418000
2024-09-05,16.7309050000,16.9007112000,16.5011672000,16.7009392000
2024-09-06,16.6709734000,17.4800500000,16.2314750000,16.3213724000
2024-09-09,16.0117258000,16.5211444000,15.7819880000,16.2514522000
2024-09-10,16.2514522000,16.5511102000,15.8718854000,16.4312470000
2024-09-11,16.4112698000,16.5011672000,16.2514522000,16.3513382000
2024-09-12,16.4811900000,16.5411216000,16.0616688000,16.1216004000
2024-09-13,16.1815320000,16.7608708000,15.7620108000,15.7620108000
2024-09-18,15.8918626000,16.0317030000,15.1327290000,15.2825580000
2024-09-19,15.3824440000,15.8319310000,15.3125238000,15.7320450000
2024-09-20,15.7320450000,15.9418056000,15.4423756000,15.5722274000
2024-09-23,15.5322730000,15.8219424000,15.4124098000,15.6221704000
2024-09-24,15.7120678000,16.5810760000,15.4024212000,16.5810760000
2024-09-25,16.6809620000,17.1504262000,16.5910646000,16.7408936000
2024-09-26,16.8108138000,17.6598448000,16.7908366000,17.5200044000
2024-09-27,17.5399816000,19.1381576000,17.5399816000,18.8085338000
2024-09-30,19.4777700000,22.1946692000,19.1781120000,21.9649314000
2024-10-08,26.1601434000,26.3599154000,23.1835406000,26.3599154000
2024-10-09,25.0613974000,28.9669400000,23.2135064000,24.5220130000
2024-10-10,24.9515228000,24.9814886000,22.3744640000,22.8339396000
2024-10-11,22.1647034000,22.7340536000,20.6564248000,21.0759460000
2024-10-14,21.1458662000,21.9449542000,20.6764020000,21.8450682000
2024-10-15,21.4754900000,22.3345096000,21.0260030000,21.0859346000
2024-10-16,20.4966072000,21.0759460000,20.4766300000,20.6963792000
2024-10-17,20.9760600000,21.3256610000,20.7563108000,20.7762880000
2024-10-18,21.0759460000,23.1635634000,20.6464362000,22.5842246000
2024-10-21,22.9238370000,24.0225830000,22.5542588000,23.0736660000
2024-10-22,22.8439282000,23.3733240000,22.4543728000,22.8738940000
2024-10-23,22.8539168000,23.6629934000,22.5342816000,22.9737800000
2024-10-24,22.9837686000,24.8915912000,22.5342816000,24.4620814000
2024-10-25,25.9304056000,26.2500408000,24.5819446000,24.9415342000
2024-10-28,24.1224690000,24.5419902000,23.3633354000,24.5320016000
2024-10-29,24.3422182000,24.3721840000,23.1535748000,23.2035178000
2024-10-30,22.6541448000,23.0736660000,22.3744640000,23.0237230000
2024-10-31,22.8439282000,23.5331416000,22.6341676000,23.3733240000
2024-11-01,23.0736660000,23.3633354000,21.1059118000,21.2257750000
2024-11-04,20.9061398000,21.7451822000,20.8761740000,21.7252050000
2024-11-05,21.6253190000,22.6241790000,21.5853646000,22.3544868000
2024-11-06,22.3644754000,22.7440422000,21.6652734000,22.1746920000
2024-11-07,22.0847946000,22.8139624000,21.9449542000,22.7540308000
2024-11-08,22.8439282000,23.5830846000,22.7740080000,22.8539168000
2024-11-11,22.9538028000,23.8527768000,22.9338256000,23.7728680000
2024-11-12,23.7528908000,24.3322296000,23.1236090000,23.3633354000
2024-11-13,23.2334836000,23.6929592000,22.7340536000,23.6929592000
2024-11-14,23.7229250000,23.9226970000,22.4443842000,22.6042018000
2024-11-15,22.3844526000,25.2012378000,22.3444982000,23.5830846000
2024-11-18,24.2523208000,25.7705880000,22.0448402000,23.7329136000
2024-11-19,22.4843386000,22.9038598000,20.5964932000,22.4343956000
2024-11-20,21.9749200000,23.6629934000,21.8250910000,22.9138484000
2024-11-21,22.4743500000,22.8239510000,21.6253190000,21.9049998000
2024-11-22,21.7651594000,23.6030618000,21.4655014000,21.6852506000
2024-11-25,21.4754900000,22.1946692000,21.2557408000,21.9449542000
2024-11-26,21.5254330000,21.9049998000,20.9960372000,21.0859346000
2024-11-27,22.4743500000,22.4743500000,21.4555128000,22.0048858000
2024-11-28,21.8750340000,22.4443842000,21.6452962000,21.7651594000
2024-11-29,21.5254330000,22.3245210000,21.1858206000,21.8750340000
2024-12-02,20.9161284000,21.6752620000,20.9161284000,21.4754900000
2024-12-03,21.4455242000,21.5953532000,20.8761740000,21.1758320000
2024-12-04,21.3855926000,21.9149884000,20.9760600000,21.0959232000
2024-12-05,20.8961512000,21.2457522000,20.7862766000,21.0459802000
2024-12-06,20.9560828000,21.1758320000,20.5065958000,21.0459802000
2024-12-09,20.9760600000,21.2257750000,20.5265730000,20.6264590000
2024-12-10,21.1858206000,21.6952392000,20.8761740000,21.0260030000
2024-12-11,20.8761740000,22.1647034000,20.8462082000,21.9149884000
2024-12-12,21.8750340000,22.0947832000,21.4555128000,21.6752620000
2024-12-13,21.6652734000,23.4332556000,21.4555128000,22.8439282000
2024-12-16,22.7740080000,23.3433582000,22.2546008000,22.6741220000
2024-12-17,21.9749200000,22.1147604000,20.1270290000,20.1869606000
2024-12-18,20.2468922000,22.1946692000,19.2380436000,21.2857066000
2024-12-19,20.8561968000,22.8539168000,20.5765160000,22.6141904000
2024-12-20,22.3045438000,24.0225830000,22.0748060000,22.8039738000
2024-12-23,22.9238370000,23.2734380000,21.8750340000,22.0048858000
2024-12-24,21.9749200000,22.7540308000,20.6963792000,22.4943272000
2024-12-25,22.0748060000,23.4532328000,21.4555128000,22.8139624000
2024-12-26,22.2745780000,24.4720700000,22.2745780000,23.7728680000
2024-12-27,23.3833126000,24.2423322000,22.8139624000,23.0137344000
2024-12-30,22.8738940000,26.9192770000,22.2346236000,24.6318876000
2024-12-31,24.2223550000,24.5419902000,22.9338256000,23.0736660000
2025-01-02,23.1735520000,24.1923892000,23.1635634000,23.7628794000
2025-01-03,24.0425602000,25.4509528000,23.5331416000,24.4421042000
2025-01-06,23.7828566000,23.7828566000,20.0571088000,20.4866186000
2025-01-07,20.9860486000,21.6452962000,20.0571088000,21.2557408000
2025-01-08,20.9760600000,21.5154444000,19.5077358000,20.3667554000
2025-01-09,20.2868466000,20.7263450000,19.9772000000,20.1669834000
2025-01-10,19.9172684000,20.0770860000,18.3590468000,18.4988872000
2025-01-13,17.6598448000,18.0394116000,17.1803920000,17.9295370000
2025-01-14,18.0593888000,19.0482602000,17.8895826000,19.0282830000
2025-01-15,18.9683514000,19.1081918000,18.5288530000,18.6587048000
2025-01-16,18.6986592000,19.2580208000,18.4888986000,18.6087618000
2025-01-17,18.5088758000,18.8185224000,17.9794800000,18.5688074000
2025-01-20,18.6786820000,18.9583628000,18.3890126000,18.8584768000
2025-01-21,18.9383856000,19.2680094000,18.6786820000,19.1381576000
2025-01-22,18.6786820000,18.6886706000,17.7797080000,17.8696054000
2025-01-23,18.1592748000,18.4988872000,17.6898106000,17.7197764000
2025-01-24,17.6298790000,18.2391836000,17.5899246000,18.1992292000
2025-01-27,18.3091038000,18.4189784000,17.5699474000,17.5899246000
2025-02-05,17.9495142000,19.1681234000,17.7797080000,18.8684654000
2025-02-06,18.8884426000,19.4278270000,18.6187504000,19.3479182000
2025-02-07,19.4178384000,20.2568808000,19.2979752000,19.6775420000
2025-02-10,20.2768580000,23.1635634000,20.1869606000,22.1746920000
2025-02-11,21.9149884000,22.2745780000,21.3756040000,21.9149884000
2025-02-12,21.7751480000,22.0748060000,21.4754900000,22.0448402000
2025-02-13,21.9249770000,22.6341676000,21.4854786000,21.8950112000
2025-02-14,22.0847946000,22.9637914000,21.4555128000,22.6641334000
2025-02-17,23.0536888000,24.9615114000,22.7839966000,22.9737800000
2025-02-18,22.6940992000,23.0636774000,21.5953532000,21.8850226000
2025-02-19,21.7351936000,22.7740080000,21.7351936000,22.2046578000
2025-02-20,22.6241790000,23.1236090000,22.2745780000,23.0736660000
2025-02-21,22.7140764000,25.3211010000,22.2745780000,24.6218990000
2025-02-24,24.6019218000,27.6484448000,24.2623094000,26.3798926000
2025-02-25,25.6207590000,27.3387982000,25.1712720000,25.8804626000
2025-02-26,25.8904512000,26.2000978000,24.6418762000,25.7106564000
2025-02-27,26.1901092000,26.6695620000,24.6618534000,26.1002118000
2025-02-28,25.6407362000,27.2688780000,24.7517508000,25.9104284000
2025-03-03,26.2100864000,26.4298356000,24.8316596000,25.1413062000
2025-03-04,24.5719560000,30.1655720000,23.7229250000,30.1655720000
2025-03-05,29.3664840000,30.4352642000,27.7683080000,28.2977038000
2025-03-06,27.8382282000,29.6661420000,27.8382282000,28.4475328000
2025-03-07,27.9680800000,30.0856632000,27.8382282000,29.0768146000
2025-03-10,28.6672820000,30.1056404000,27.9680800000,28.7372022000
2025-03-11,27.9680800000,31.9834972000,27.7483308000,31.9535314000
2025-03-12,33.9612400000,38.3462354000,33.9612400000,38.3462354000
2025-03-13,36.9578200000,37.0976604000,33.4418328000,34.7603280000
2025-03-14,35.3896098000,37.6170676000,34.2109550000,37.2774552000
2025-03-17,36.7580480000,38.0166116000,35.8590740000,36.6881278000
2025-03-18,36.6581620000,37.2275122000,33.7414908000,33.8114110000
2025-03-19,32.0134630000,32.6527334000,30.7049564000,31.4840672000
2025-03-20,30.8547854000,32.3131210000,30.6849792000,31.2143750000
2025-03-21,30.7848652000,31.3142610000,29.6261876000,29.6261876000
2025-03-24,29.8559254000,31.0445688000,28.3676240000,29.3664840000
2025-03-25,29.3465068000,29.4264156000,26.9192770000,26.9392542000
2025-03-26,27.1989578000,27.4686500000,26.5397102000,26.7694480000
2025-03-27,26.7794366000,27.7383422000,26.4697900000,26.4697900000
2025-03-28,26.2899952000,27.2489008000,26.2700180000,26.4398242000
2025-03-31,25.9803486000,26.9192770000,24.9515228000,26.7694480000
2025-04-01,26.8493568000,26.9492428000,25.6507248000,25.6607134000
2025-04-02,25.7605994000,27.3687640000,25.5708160000,27.1889692000
2025-04-03,26.7994138000,28.5174530000,26.5896532000,27.5285816000
2025-04-07,24.3721840000,25.6507248000,22.0248630000,22.0248630000
2025-04-08,22.2945552000,23.0237230000,20.8761740000,21.9649314000
2025-04-09,21.1858206000,23.1335976000,19.1781120000,22.7440422000
2025-04-10,23.4332556000,25.3810326000,23.1935292000,24.0325716000
2025-04-11,23.9626514000,25.3710440000,23.7329136000,24.9315456000
2025-04-14,25.3011238000,25.9104284000,24.7717280000,24.9914772000
2025-04-15,25.0014658000,25.6507248000,24.4221270000,24.5819446000
2025-04-16,24.4720700000,24.7217850000,23.2934152000,23.7828566000
2025-04-17,23.5730960000,24.4421042000,23.4532328000,23.4831986000
2025-04-18,23.4831986000,24.1524348000,23.0536888000,23.6230390000
2025-04-21,23.2934152000,25.8005538000,23.2534608000,25.3610554000
2025-04-22,25.1712720000,25.4709300000,24.3522068000,24.5919332000
2025-04-23,24.9215570000,25.3211010000,24.5819446000,24.7217850000
2025-04-24,24.7817166000,24.8716140000,23.4332556000,23.5830846000
2025-04-25,23.7628794000,24.7117964000,23.4232670000,23.9326856000
2025-04-28,24.4620814000,25.0913632000,23.8827426000,23.9926172000
2025-04-29,23.8727540000,24.8216710000,23.4232670000,24.0425602000
2025-04-30,24.2722980000,25.2411922000,23.8927312000,25.0613974000
2025-05-06,25.3710440000,26.3898812000,25.3310896000,26.0902232000
2025-05-07,26.4198470000,26.7694480000,25.4309756000,25.7506108000
2025-05-08,25.5008958000,26.0502688000,25.4709300000,25.8604854000
2025-05-09,25.8604854000,25.8604854000,24.6318876000,24.7018078000
2025-05-12,25.0014658000,25.3610554000,24.8616254000,25.2711580000
2025-05-13,25.6607134000,25.9204170000,24.8816026000,24.9615114000
2025-05-14,24.9715000000,26.0702460000,24.9315456000,25.5108844000
2025-05-15,25.3710440000,25.5108844000,24.1324576000,24.3222410000
2025-05-16,24.0026058000,24.4620814000,23.8727540000,24.0725260000
2025-05-19,24.1024918000,24.7717280000,23.5631074000,24.5719560000
2025-05-20,25.8604854000,25.9703600000,24.2922752000,24.7117964000
2025-05-21,24.3921612000,24.5220130000,23.6330276000,23.6629934000
2025-05-22,23.4532328000,23.8727540000,23.1435862000,23.1735520000
2025-05-23,23.0037458000,23.2135064000,22.1946692000,22.2446122000
2025-05-26,22.3644754000,22.7740080000,22.2446122000,22.7140764000
2025-05-27,22.5942132000,22.6940992000,22.2546008000,22.3844526000
2025-05-28,22.3744640000,22.5742360000,21.9849086000,22.1147604000
2025-05-29,22.1347376000,23.0237230000,22.1247490000,22.8439282000
2025-05-30,22.6741220000,22.7640194000,21.8750340000,22.0148744000
2025-06-03,21.8350796000,22.3245210000,21.7851366000,22.0348516000
2025-06-04,21.5753760000,21.9649314000,21.5154444000,21.7751480000
2025-06-05,21.8250910000,22.5642474000,21.6153304000,22.5242930000
2025-06-06,22.4343956000,23.0437002000,22.2745780000,22.4843386000
2025-06-09,22.5542588000,22.8539168000,22.5542588000,22.6940992000
2025-06-10,22.6940992000,22.8439282000,21.8550568000,22.2945552000
2025-06-11,22.3045438000,22.7640194000,22.2745780000,22.4144184000
2025-06-12,22.2845666000,23.0437002000,22.2246350000,22.4443842000
2025-06-13,22.3844526000,22.4144184000,21.4754900000,21.5254330000
2025-06-16,21.3456382000,22.0448402000,21.3456382000,21.9049998000
2025-06-17,21.7751480000,23.0037458000,21.7751480000,22.5742360000
2025-06-18,22.4044298000,24.0725260000,22.4044298000,23.6629934000
2025-06-19,23.4831986000,23.7229250000,22.8938712000,23.0836546000
2025-06-20,23.1935292000,23.6230390000,22.6541448000,22.9737800000
2025-06-23,22.7240650000,24.9715000000,22.6541448000,24.2323436000
2025-06-24,24.4520928000,24.9215570000,23.9626514000,24.5619674000
2025-06-25,24.6418762000,25.1712720000,24.4121384000,24.9615114000
2025-06-26,24.7717280000,24.9814886000,24.3621954000,24.4121384000
2025-06-27,24.5619674000,25.1712720000,24.1724120000,24.8216710000
2025-06-30,25.7406222000,25.9503828000,24.4321156000,24.7117964000
2025-07-01,24.7317736000,25.0713860000,24.2722980000,24.3322296000
2025-07-02,23.9926172000,24.1324576000,23.4931872000,23.7229250000
2025-07-03,23.6929592000,24.6218990000,23.6929592000,24.1424462000
2025-07-04,24.4121384000,24.4520928000,23.5730960000,23.7429022000
2025-07-07,23.4732100000,23.7429022000,23.3333696000,23.5231530000
2025-07-08,23.7229250000,24.2323436000,23.5730960000,24.1923892000
2025-07-09,24.0525488000,24.1524348000,23.6030618000,23.6829706000
2025-07-10,23.6829706000,23.6929592000,23.2135064000,23.2834266000
2025-07-11,23.3533468000,23.7928452000,22.9338256000,23.7029478000
2025-07-14,23.6629934000,23.7229250000,23.3733240000,23.6330276000
2025-07-15,23.6030618000,23.7029478000,23.0836546000,23.5730960000
2025-07-16,23.5531188000,24.0925032000,23.4232670000,23.4931872000
2025-07-17,23.4831986000,24.0625374000,23.2734380000,23.8028338000
2025-07-18,23.9726400000,25.4709300000,23.5730960000,24.9415342000
2025-07-21,24.3721840000,24.9315456000,24.2922752000,24.5919332000
2025-07-22,24.5120244000,24.6818306000,24.2722980000,24.4620814000
2025-07-23,24.3621954000,24.5919332000,23.9926172000,24.0725260000
2025-07-24,24.0825146000,24.4021498000,24.0825146000,24.3721840000
2025-07-25,24.6618534000,25.2811466000,24.3921612000,24.8616254000
2025-07-28,25.2811466000,25.4609414000,24.5419902000,24.6518648000
2025-07-29,24.4121384000,24.9115684000,24.2722980000,24.8816026000
2025-07-30,24.8915912000,24.9015798000,24.0925032000,24.2623094000
2025-07-31,24.1724120000,24.7018078000,23.8627654000,24.0725260000
2025-08-01,24.0825146000,24.2123664000,23.5231530000,23.7728680000
2025-08-04,23.5531188000,24.1724120000,23.5131644000,24.1324576000
2025-08-05,24.0225830000,24.2523208000,23.9326856000,24.1624234000
2025-08-06,24.0725260000,24.7517508000,23.9726400000,24.4620814000
2025-08-07,24.3721840000,24.8915912000,24.3621954000,24.4321156000
2025-08-08,24.2922752000,24.4520928000,23.7029478000,23.7029478000
2025-08-11,24.4421042000,24.9715000000,24.1923892000,24.8716140000
2025-08-12,24.9715000000,25.4709300000,24.7717280000,25.3211010000
2025-08-13,25.3310896000,25.4909072000,25.1013518000,25.2511808000
2025-08-14,25.1712720000,25.3310896000,24.5719560000,24.6518648000
2025-08-15,24.6618534000,25.2212150000,24.6618534000,25.1113404000
2025-08-18,25.1213290000,25.8504968000,25.0514088000,25.6107704000
2025-08-19,25.5708160000,26.1901092000,25.2711580000,25.8405082000
2025-08-20,25.8405082000,26.9292656000,25.5808046000,26.9192770000
2025-08-21,26.9792086000,27.6684220000,26.5397102000,26.9092884000
2025-08-22,26.8693340000,27.8482168000,26.7694480000,27.4486728000
2025-08-25,27.7882852000,27.8482168000,27.0391402000,27.3687640000
2025-08-26,29.5762446000,31.4640900000,28.3776126000,28.4375442000
2025-08-27,28.8570654000,29.8559254000,28.4075784000,28.9469628000
2025-08-28,27.9680800000,28.5873732000,27.0691060000,28.2777266000
2025-08-29,27.9680800000,27.9980458000,26.5696760000,26.8992998000
2025-09-01,27.4386842000,27.8482168000,26.8793226000,26.9292656000
2025-09-02,26.8493568000,26.8493568000,25.4709300000,25.6107704000
2025-09-03,25.7106564000,25.8205310000,24.7018078000,24.8316596000
2025-09-04,24.7817166000,25.2212150000,23.6030618000,23.9526628000
2025-09-05,24.1724120000,25.2012378000,23.8228110000,24.9315456000
2025-09-08,24.7817166000,25.1512948000,24.4221270000,25.0014658000
2025-09-09,24.9515228000,24.9515228000,23.9526628000,23.9826286000
2025-09-10,23.9926172000,24.3022638000,23.9526628000,24.0525488000
2025-09-11,24.1324576000,25.0514088000,24.0525488000,25.0114544000
2025-09-12,25.3710440000,27.7683080000,25.2212150000,26.6595734000
2025-09-15,27.5185930000,27.5685360000,26.0602574000,26.5397102000
2025-09-16,26.4897672000,27.4686500000,26.2500408000,26.8693340000
2025-09-17,26.7594594000,26.9792086000,26.3699040000,26.5996418000
2025-09-18,26.5696760000,27.5485588000,25.7905652000,26.1002118000
2025-09-19,26.4997558000,27.3987298000,26.3599154000,26.5297216000
2025-09-22,26.8593454000,27.7383422000,26.5796646000,27.3987298000
2025-09-23,27.1789806000,27.4286956000,26.4098584000,27.0790946000
2025-09-24,27.1989578000,28.4275556000,26.9192770000,28.1878292000
2025-09-25,27.7683080000,28.7571794000,27.5785246000,28.2577494000
2025-09-26,27.8781826000,28.6173390000,27.1290376000,27.2289236000
2025-09-29,27.9780686000,28.8171110000,27.4686500000,28.2477608000
2025-09-30,28.7671680000,29.8359482000,28.7571794000,29.0668260000
2025-10-09,29.8659140000,31.8136910000,29.1667120000,30.0656860000
2025-10-10,29.1467348000,29.5163130000,27.8781826000,28.9969058000
2025-10-13,27.1689920000,28.8071224000,27.1689920000,28.0779546000
2025-10-14,28.6373162000,29.7660280000,27.0491288000,27.2688780000
2025-10-15,27.2289236000,29.0268716000,27.0591174000,28.8970198000
2025-10-16,28.4974758000,30.2854352000,28.4675100000,29.4863472000
2025-10-17,29.2665980000,30.3753326000,28.1478748000,28.6972478000
2025-10-20,29.7160850000,29.7160850000,27.9780686000,28.3476468000
2025-10-21,28.9769286000,31.4640900000,28.6473048000,30.3054124000
2025-10-22,29.6861192000,31.1244776000,28.9269856000,30.6350362000
2025-10-23,30.0556974000,30.5451388000,29.1267576000,30.4252756000
2025-10-24,31.5639760000,34.6204876000,31.1344662000,33.1421748000
2025-10-27,34.8702026000,36.0488574000,33.3719126000,34.8602140000
2025-10-28,33.5017644000,35.8490854000,33.1421748000,34.5305902000
2025-10-29,33.9712286000,34.5305902000,31.8336682000,32.2831552000
2025-10-30,32.9723686000,33.7614680000,31.6638620000,31.6738506000
2025-10-31,31.5939418000,31.9435428000,30.1256176000,30.4152870000
2025-11-03,30.0157430000,30.8647740000,29.4663700000,30.5850932000
2025-11-04,31.4141470000,31.6239076000,29.4663700000,29.7760166000
2025-11-05,28.8770426000,29.6461648000,28.6672820000,29.3165410000
2025-11-06,30.0856632000,30.3353782000,28.6672820000,29.4663700000
2025-11-07,28.9769286000,31.4141470000,28.8670540000,30.4252756000
2025-11-10,31.6438848000,33.4218556000,31.2842952000,31.9535314000
2025-11-11,32.6727106000,34.3308182000,32.1533034000,32.2931438000
2025-11-12,31.2942838000,33.6915478000,30.8647740000,32.8724826000
2025-11-13,33.2021064000,34.6104990000,32.9623800000,33.0422888000
2025-11-14,32.0733946000,32.3330982000,31.3841812000,31.3841812000
2025-11-17,31.9635200000,32.5128930000,30.4552414000,30.7748766000
2025-11-18,30.8348082000,31.5939418000,30.0656860000,30.2155150000
2025-11-19,29.9458228000,33.8213996000,28.8071224000,31.8436568000
2025-11-20,31.8636340000,32.2931438000,29.4264156000,29.6461648000
2025-11-21,27.5785246000,28.4675100000,26.7794366000,26.7794366000
2025-11-24,27.3887412000,27.4686500000,26.2400522000,26.8193910000
2025-11-25,27.6284676000,27.8482168000,27.2489008000,27.4486728000
2025-11-26,27.1689920000,27.8082624000,27.0291516000,27.1689920000
2025-11-27,27.2888552000,27.9580914000,26.9492428000,26.9891972000
2025-11-28,26.9991858000,27.5485588000,26.8193910000,27.3587754000
2025-12-01,27.4886272000,28.3376582000,27.3088324000,28.1179090000
2025-12-02,27.8382282000,28.5474188000,27.5785246000,27.6484448000
2025-12-03,27.8182510000,27.8681940000,26.6296076000,26.8293796000
2025-12-04,26.5696760000,26.8293796000,26.0502688000,26.5696760000
2025-12-05,26.8893112000,27.1190490000,25.9104284000,26.5796646000
2025-12-08,26.9692200000,28.1278976000,26.8693340000,27.8781826000
2025-12-09,27.5585474000,28.0679660000,27.3987298000,27.4986158000
2025-12-10,27.3487868000,27.5885132000,26.5297216000,27.0191630000
2025-12-11,27.5685360000,27.7683080000,26.5696760000,26.5696760000
2025-12-12,26.5696760000,27.0691060000,26.2500408000,26.6995278000
2025-12-15,26.1601434000,26.2899952000,25.7406222000,25.9104284000
2025-12-16,25.8005538000,25.9703600000,25.0014658000,25.1013518000
2025-12-17,25.2811466000,25.6107704000,24.6518648000,25.5308616000
2025-12-18,25.4010098000,26.3399382000,25.0913632000,25.8205310000
2025-12-19,26.2700180000,26.2800066000,25.3710440000,25.3710440000
2025-12-22,25.7705880000,26.4098584000,25.5108844000,25.5708160000
2025-12-23,25.5308616000,25.8504968000,25.3610554000,25.4809186000
2025-12-24,25.4010098000,26.3599154000,25.3710440000,26.0402802000
2025-12-25,25.9803486000,26.8493568000,25.9004398000,26.3499268000
2025-12-26,26.3599154000,26.9692200000,26.1601434000,26.2200750000
2025-12-29,26.0203030000,26.5696760000,25.8904512000,25.9503828000
2025-12-30,25.9004398000,26.2899952000,25.7406222000,25.8305196000
2025-12-31,26.2899952000,26.7694480000,25.5508388000,25.6707020000
2026-01-05,26.2500408000,27.1190490000,26.1701320000,26.9392542000
2026-01-06,26.9692200000,27.9481028000,26.7994138000,27.5285816000
2026-01-07,29.1367462000,29.4264156000,27.8482168000,27.9980458000
2026-01-08,27.9980458000,29.8659140000,27.8582054000,29.1467348000
2026-01-09,28.6572934000,28.7571794000,28.1478748000,28.2977038000
2026-01-12,28.9469628000,29.1767006000,28.4475328000,29.1167690000
2026-01-13,29.1467348000,29.3764726000,27.9680800000,28.1478748000
2026-01-14,28.7372022000,29.0368602000,27.9381142000,28.4275556000
2026-01-15,28.0180230000,28.9469628000,27.9381142000,28.7272136000
2026-01-16,29.0668260000,29.7760166000,28.6972478000,29.5163130000
2026-01-19,29.8459368000,30.3853212000,29.5063244000,29.6062104000
2026-01-20,29.4663700000,32.6527334000,29.2466208000,31.0845232000
2026-01-21,30.7049564000,32.4629500000,30.7049564000,31.3242496000
2026-01-22,34.9601000000,36.4583900000,32.2631780000,32.8225396000
2026-01-23,32.9723686000,33.9612400000,31.9635200000,32.4529614000
2026-01-26,33.4917758000,34.8402368000,32.8025624000,33.7514794000
2026-01-27,32.9723686000,35.4495414000,32.7326422000,34.9501114000
2026-01-28,35.1998264000,37.8268282000,34.6704306000,35.6792792000
2026-01-29,36.0388688000,38.9455514000,35.1798492000,35.2597580000
2026-01-30,35.7591880000,38.3362468000,35.7591880000,37.0277402000
2026-02-02,35.2597580000,35.6393248000,33.4717986000,33.5417188000
2026-02-03,35.9489714000,36.5482874000,34.5505674000,35.1598720000
2026-02-04,34.4606700000,34.5305902000,32.6926878000,33.3119810000
2026-02-05,32.3930298000,34.0910918000,32.0733946000,33.5816732000
2026-02-06,32.8325282000,33.6815592000,32.4429728000,32.7026764000
2026-02-09,33.3619240000,34.2109550000,32.9823572000,33.6416048000
2026-02-10,33.5317302000,33.6316162000,32.8624940000,32.9324142000
2026-02-11,32.6627220000,33.4418328000,32.3330982000,32.6627220000
2026-02-12,33.3219696000,34.0311602000,33.0223116000,33.4817872000
2026-02-13,33.4618100000,36.2286522000,33.3319582000,35.1498834000
2026-02-24,35.4595300000,36.7081050000,34.6604420000,35.9889258000
2026-02-25,35.0599860000,35.3995984000,34.5605560000,35.0599860000
2026-02-26,35.1698606000,35.4095870000,34.4406928000,35.1398948000
2026-02-27,34.7103850000,36.2186636000,34.5106130000,36.2186636000
2026-03-02,35.5594160000,36.4184356000,34.9601000000,35.0000544000
2026-03-03,35.0000544000,35.3396668000,31.3741926000,31.5639760000
2026-03-04,33.3719126000,35.8490854000,32.9923458000,34.3008524000
2026-03-05,35.0499974000,37.6170676000,33.9812172000,35.8291082000
2026-03-06,35.4695186000,40.8134196000,35.3196896000,38.5659846000
2026-03-09,37.4073070000,38.7158136000,37.1675806000,38.7058250000
2026-03-10,38.6558820000,39.7246622000,38.1764292000,38.6558820000
2026-03-11,38.5759732000,40.0742632000,38.4660986000,38.9755172000
2026-03-12,39.4349928000,40.2041150000,38.1964064000,38.4660986000
2026-03-13,38.3262582000,39.8345368000,37.4872158000,37.9566800000
2026-03-16,37.9666686000,45.5480160000,37.9666686000,45.5480160000
2026-03-17,46.3371154000,52.4301614000,46.2472180000,50.8419740000
2026-03-18,52.9395800000,61.0103688000,51.9606972000,61.0103688000
2026-03-19,58.1036862000,60.5209274000,55.5665818000,56.2058522000
2026-03-20,56.9350200000,57.5343360000,51.7509366000,52.0206288000
2026-03-23,50.0328974000,50.7920310000,47.4158842000,48.0551546000
2026-03-24,48.0751318000,48.1450520000,45.1484720000,47.5357474000
2026-03-25,47.7754738000,50.6921450000,46.7466480000,47.9053256000
2026-03-26,45.8476740000,46.6467620000,44.9487000000,45.3082896000
2026-03-27,43.4104556000,45.2084036000,43.0408774000,44.3893384000
2026-03-30,43.9997830000,45.2683352000,43.6002390000,44.2095436000
2026-03-31,42.9709572000,43.1407634000,41.3528040000,41.6524620000
2026-04-01,45.2183922000,45.2483580000,42.4715272000,43.1008090000
2026-04-02,44.4692472000,44.7788938000,41.8622226000,42.1618806000
2026-04-03,43.8299768000,43.8299768000,41.2529180000,41.4027470000
2026-04-07,41.8722112000,43.4903644000,41.1330548000,42.0619946000
2026-04-08,43.6501820000,46.6367734000,43.4204442000,46.3670812000
2026-04-09,44.8887684000,48.3648012000,44.8887684000,48.0451660000
2026-04-10,47.7754738000,48.7643452000,45.9675372000,47.1362034000
2026-04-13,46.4469900000,49.6633192000,46.4370014000,49.6433420000
2026-04-14,50.7420880000,52.2703438000,49.6533306000,51.7409480000
2026-04-15,50.9618372000,51.6410620000,48.4147442000,48.7144022000
2026-04-16,47.9452800000,49.7632052000,47.0063516000,49.3436840000
2026-04-17,49.2038436000,50.1427720000,48.6544706000,49.0640032000
2026-04-20,48.7044136000,50.8020196000,48.4946530000,49.1638892000
2026-04-21,48.7543566000,49.3936270000,47.5557246000,49.3436840000
2026-04-22,49.2238208000,49.5334674000,48.2049836000,48.8542426000
2026-04-23,49.6533306000,50.2426580000,46.2072636000,46.5169102000
2026-04-24,46.2272408000,47.0662832000,45.5080616000,46.3471040000
2026-04-27,46.9364314000,52.1305034000,46.9264428000,50.2426580000
2026-04-28,50.3525326000,53.2392380000,49.5035016000,51.8807884000
2026-04-29,48.5445960000,51.9207428000,48.5445960000,51.3414040000
2026-04-30,51.3513926000,53.5189188000,49.7432280000,52.2104122000
2026-05-06,56.5654418000,62.6484992000,56.5354760000,62.6484992000
2026-05-07,65.1955922000,71.5483418000,65.1955922000,66.2244180000
2026-05-08,63.8571198000,66.0845776000,63.4276100000,63.7772110000
2026-05-11,68.3020468000,70.3796756000,65.4253300000,68.0523318000
2026-05-12,67.1533578000,68.4818416000,64.0768690000,65.0257860000
2026-05-13,63.5574618000,70.1699150000,62.3887956000,70.1699150000
2026-05-14,69.4207700000,70.6493678000,66.8936542000,66.8936542000
2026-05-15,66.7737910000,68.6017048000,63.9270400000,64.8759570000
2026-05-18,65.9347486000,75.7135880000,65.9047828000,72.6171220000
2026-05-19,71.0089574000,75.6836222000,69.6305306000,72.1376692000
2026-05-20,72.1376692000,75.4938388000,70.4795616000,73.7258566000
2026-05-21,74.0355032000,76.9721516000,67.2232780000,67.6927422000
2026-05-22,69.4207700000,71.7181480000,65.4752730000,67.9624344000
2026-05-25,67.9324686000,72.2775096000,64.5663104000,71.6382392000
2026-05-26,69.4207700000,69.6205420000,63.2877696000,64.4564358000
2026-05-27,66.5939962000,67.1233920000,60.8305740000,61.3399926000
2026-05-28,60.4600000000,63.1100000000,60.1200000000,62.4200000000
2026-05-29,62.4200000000,63.4900000000,57.9900000000,58.6900000000
2026-06-01,59.7300000000,60.0000000000,56.9200000000,57.1700000000
2026-06-02,57.6200000000,58.5500000000,54.8000000000,58.0800000000
2026-06-03,58.1100000000,61.8900000000,57.9200000000,59.6600000000
2026-06-04,58.9600000000,68.5200000000,58.7500000000,67.4300000000
2026-06-05,66.4300000000,70.2000000000,65.1300000000,68.3300000000
2026-06-08,64.9200000000,66.6000000000,63.9900000000,64.1500000000
2026-06-09,65.9900000000,66.7500000000,63.2000000000,65.6400000000
2026-06-10,64.0000000000,66.8300000000,63.0100000000,63.6700000000
2026-06-11,62.4400000000,63.5800000000,61.1400000000,62.6600000000
2026-06-12,66.0000000000,67.1300000000,59.4800000000,59.5500000000
2026-06-15,61.5000000000,62.9800000000,60.3000000000,62.5900000000
2026-06-16,63.0300000000,65.5800000000,62.4100000000,64.1300000000
2026-06-17,62.5000000000,69.0000000000,61.6400000000,67.4700000000
2026-06-18,67.0100000000,72.2200000000,67.0100000000,70.3500000000
2026-06-22,71.0900000000,73.8000000000,69.4800000000,73.7200000000
2026-06-23,71.0000000000,75.5500000000,69.5700000000,70.9100000000
2026-06-24,70.6000000000,73.0400000000,67.7800000000,72.6900000000
2026-06-25,74.0000000000,76.3000000000,70.0000000000,74.8900000000
2026-06-26,72.0000000000,73.5700000000,68.4000000000,69.8800000000
2026-06-29,69.8700000000,71.7500000000,65.8800000000,71.4800000000
2026-06-30,70.0000000000,78.2000000000,66.9800000000,76.1700000000
2026-07-01,76.0000000000,81.6000000000,73.1000000000,73.6800000000
2026-07-02,70.1800000000,72.5000000000,67.0200000000,67.4100000000
2026-07-03,67.4000000000,70.2900000000,64.6600000000,67.3500000000
2026-07-06,70.5000000000,70.5000000000,64.5000000000,67.4200000000
